{"cameraMode":{"drawMode":0,"name":"Shaded","section":"Shading Mode"},"sceneLighting":false,"audioPlay":false,"sceneViewState":{"showFog":true,"showMaterialUpdate":false,"showSkybox":false,"showFlares":true,"showImageEffects":true,"showParticleSystems":true},"in2DMode":false,"pivot":{"x":0.31969785690307619,"y":0.8553680181503296,"z":-0.026725709438323976},"rotation":{"x":-0.04135711491107941,"y":0.9241575002670288,"z":-0.10469835251569748,"w":-0.3650533854961395},"size":6.537231922149658,"orthographic":false}