{"cameraMode":{"drawMode":0,"name":"Shaded","section":"Shading Mode"},"sceneLighting":true,"audioPlay":false,"sceneViewState":{"showFog":true,"showMaterialUpdate":false,"showSkybox":true,"showFlares":true,"showImageEffects":true,"showParticleSystems":true},"in2DMode":false,"pivot":{"x":-0.049407958984375,"y":1.5697009563446046,"z":10.488353729248047},"rotation":{"x":-0.057552091777324679,"y":0.931755781173706,"z":-0.16984923183918,"w":-0.31571659445762637},"size":9.988879203796387,"orthographic":false}