{"cameraMode":{"drawMode":0,"name":"Shaded","section":"Shading Mode"},"sceneLighting":false,"audioPlay":false,"sceneViewState":{"showFog":true,"showMaterialUpdate":false,"showSkybox":false,"showFlares":true,"showImageEffects":true,"showParticleSystems":true},"in2DMode":false,"pivot":{"x":0.0,"y":2.185208797454834,"z":-0.028559207916259767},"rotation":{"x":-0.02148706465959549,"y":0.9699338674545288,"z":-0.22384200990200044,"w":-0.09310608357191086},"size":9.988879203796387,"orthographic":false}