{"cameraMode":{"drawMode":0,"name":"Shaded","section":"Shading Mode"},"sceneLighting":true,"audioPlay":false,"sceneViewState":{"showFog":true,"showMaterialUpdate":false,"showSkybox":true,"showFlares":true,"showImageEffects":true,"showParticleSystems":true},"in2DMode":false,"pivot":{"x":2.7786481380462648,"y":0.724543571472168,"z":4.510987281799316},"rotation":{"x":-0.518204927444458,"y":-0.012317439541220665,"z":0.007462985347956419,"w":-0.8551418781280518},"size":8.094700813293457,"orthographic":true}